company_id,name,description
1,Company_1,"Company_1 is a technology company focused on software, AI and cloud solutions."
2,Company_2,"Company_2 is a technology company focused on software, AI and cloud solutions."
3,Company_3,"Company_3 is a technology company focused on software, AI and cloud solutions."
4,Company_4,"Company_4 is a technology company focused on software, AI and cloud solutions."
5,Company_5,"Company_5 is a technology company focused on software, AI and cloud solutions."
6,Company_6,"Company_6 is a technology company focused on software, AI and cloud solutions."
7,Company_7,"Company_7 is a technology company focused on software, AI and cloud solutions."
8,Company_8,"Company_8 is a technology company focused on software, AI and cloud solutions."
9,Company_9,"Company_9 is a technology company focused on software, AI and cloud solutions."
10,Company_10,"Company_10 is a technology company focused on software, AI and cloud solutions."
11,Company_11,"Company_11 is a technology company focused on software, AI and cloud solutions."
12,Company_12,"Company_12 is a technology company focused on software, AI and cloud solutions."
13,Company_13,"Company_13 is a technology company focused on software, AI and cloud solutions."
14,Company_14,"Company_14 is a technology company focused on software, AI and cloud solutions."
15,Company_15,"Company_15 is a technology company focused on software, AI and cloud solutions."
16,Company_16,"Company_16 is a technology company focused on software, AI and cloud solutions."
17,Company_17,"Company_17 is a technology company focused on software, AI and cloud solutions."
18,Company_18,"Company_18 is a technology company focused on software, AI and cloud solutions."
19,Company_19,"Company_19 is a technology company focused on software, AI and cloud solutions."
20,Company_20,"Company_20 is a technology company focused on software, AI and cloud solutions."
21,Company_21,"Company_21 is a technology company focused on software, AI and cloud solutions."
22,Company_22,"Company_22 is a technology company focused on software, AI and cloud solutions."
23,Company_23,"Company_23 is a technology company focused on software, AI and cloud solutions."
24,Company_24,"Company_24 is a technology company focused on software, AI and cloud solutions."
25,Company_25,"Company_25 is a technology company focused on software, AI and cloud solutions."
26,Company_26,"Company_26 is a technology company focused on software, AI and cloud solutions."
27,Company_27,"Company_27 is a technology company focused on software, AI and cloud solutions."
28,Company_28,"Company_28 is a technology company focused on software, AI and cloud solutions."
29,Company_29,"Company_29 is a technology company focused on software, AI and cloud solutions."
30,Company_30,"Company_30 is a technology company focused on software, AI and cloud solutions."
31,Company_31,"Company_31 is a technology company focused on software, AI and cloud solutions."
32,Company_32,"Company_32 is a technology company focused on software, AI and cloud solutions."
33,Company_33,"Company_33 is a technology company focused on software, AI and cloud solutions."
34,Company_34,"Company_34 is a technology company focused on software, AI and cloud solutions."
35,Company_35,"Company_35 is a technology company focused on software, AI and cloud solutions."
36,Company_36,"Company_36 is a technology company focused on software, AI and cloud solutions."
37,Company_37,"Company_37 is a technology company focused on software, AI and cloud solutions."
38,Company_38,"Company_38 is a technology company focused on software, AI and cloud solutions."
39,Company_39,"Company_39 is a technology company focused on software, AI and cloud solutions."
40,Company_40,"Company_40 is a technology company focused on software, AI and cloud solutions."
41,Company_41,"Company_41 is a technology company focused on software, AI and cloud solutions."
42,Company_42,"Company_42 is a technology company focused on software, AI and cloud solutions."
43,Company_43,"Company_43 is a technology company focused on software, AI and cloud solutions."
44,Company_44,"Company_44 is a technology company focused on software, AI and cloud solutions."
45,Company_45,"Company_45 is a technology company focused on software, AI and cloud solutions."
46,Company_46,"Company_46 is a technology company focused on software, AI and cloud solutions."
47,Company_47,"Company_47 is a technology company focused on software, AI and cloud solutions."
48,Company_48,"Company_48 is a technology company focused on software, AI and cloud solutions."
49,Company_49,"Company_49 is a technology company focused on software, AI and cloud solutions."
50,Company_50,"Company_50 is a technology company focused on software, AI and cloud solutions."
51,Company_51,"Company_51 is a technology company focused on software, AI and cloud solutions."
52,Company_52,"Company_52 is a technology company focused on software, AI and cloud solutions."
53,Company_53,"Company_53 is a technology company focused on software, AI and cloud solutions."
54,Company_54,"Company_54 is a technology company focused on software, AI and cloud solutions."
55,Company_55,"Company_55 is a technology company focused on software, AI and cloud solutions."
56,Company_56,"Company_56 is a technology company focused on software, AI and cloud solutions."
57,Company_57,"Company_57 is a technology company focused on software, AI and cloud solutions."
58,Company_58,"Company_58 is a technology company focused on software, AI and cloud solutions."
59,Company_59,"Company_59 is a technology company focused on software, AI and cloud solutions."
60,Company_60,"Company_60 is a technology company focused on software, AI and cloud solutions."
61,Company_61,"Company_61 is a technology company focused on software, AI and cloud solutions."
62,Company_62,"Company_62 is a technology company focused on software, AI and cloud solutions."
63,Company_63,"Company_63 is a technology company focused on software, AI and cloud solutions."
64,Company_64,"Company_64 is a technology company focused on software, AI and cloud solutions."
65,Company_65,"Company_65 is a technology company focused on software, AI and cloud solutions."
66,Company_66,"Company_66 is a technology company focused on software, AI and cloud solutions."
67,Company_67,"Company_67 is a technology company focused on software, AI and cloud solutions."
68,Company_68,"Company_68 is a technology company focused on software, AI and cloud solutions."
69,Company_69,"Company_69 is a technology company focused on software, AI and cloud solutions."
70,Company_70,"Company_70 is a technology company focused on software, AI and cloud solutions."
71,Company_71,"Company_71 is a technology company focused on software, AI and cloud solutions."
72,Company_72,"Company_72 is a technology company focused on software, AI and cloud solutions."
73,Company_73,"Company_73 is a technology company focused on software, AI and cloud solutions."
74,Company_74,"Company_74 is a technology company focused on software, AI and cloud solutions."
75,Company_75,"Company_75 is a technology company focused on software, AI and cloud solutions."
76,Company_76,"Company_76 is a technology company focused on software, AI and cloud solutions."
77,Company_77,"Company_77 is a technology company focused on software, AI and cloud solutions."
78,Company_78,"Company_78 is a technology company focused on software, AI and cloud solutions."
79,Company_79,"Company_79 is a technology company focused on software, AI and cloud solutions."
80,Company_80,"Company_80 is a technology company focused on software, AI and cloud solutions."
81,Company_81,"Company_81 is a technology company focused on software, AI and cloud solutions."
82,Company_82,"Company_82 is a technology company focused on software, AI and cloud solutions."
83,Company_83,"Company_83 is a technology company focused on software, AI and cloud solutions."
84,Company_84,"Company_84 is a technology company focused on software, AI and cloud solutions."
85,Company_85,"Company_85 is a technology company focused on software, AI and cloud solutions."
86,Company_86,"Company_86 is a technology company focused on software, AI and cloud solutions."
87,Company_87,"Company_87 is a technology company focused on software, AI and cloud solutions."
88,Company_88,"Company_88 is a technology company focused on software, AI and cloud solutions."
89,Company_89,"Company_89 is a technology company focused on software, AI and cloud solutions."
90,Company_90,"Company_90 is a technology company focused on software, AI and cloud solutions."
91,Company_91,"Company_91 is a technology company focused on software, AI and cloud solutions."
92,Company_92,"Company_92 is a technology company focused on software, AI and cloud solutions."
93,Company_93,"Company_93 is a technology company focused on software, AI and cloud solutions."
94,Company_94,"Company_94 is a technology company focused on software, AI and cloud solutions."
95,Company_95,"Company_95 is a technology company focused on software, AI and cloud solutions."
96,Company_96,"Company_96 is a technology company focused on software, AI and cloud solutions."
97,Company_97,"Company_97 is a technology company focused on software, AI and cloud solutions."
98,Company_98,"Company_98 is a technology company focused on software, AI and cloud solutions."
99,Company_99,"Company_99 is a technology company focused on software, AI and cloud solutions."
100,Company_100,"Company_100 is a technology company focused on software, AI and cloud solutions."
101,Company_101,"Company_101 is a technology company focused on software, AI and cloud solutions."
102,Company_102,"Company_102 is a technology company focused on software, AI and cloud solutions."
103,Company_103,"Company_103 is a technology company focused on software, AI and cloud solutions."
104,Company_104,"Company_104 is a technology company focused on software, AI and cloud solutions."
105,Company_105,"Company_105 is a technology company focused on software, AI and cloud solutions."
106,Company_106,"Company_106 is a technology company focused on software, AI and cloud solutions."
107,Company_107,"Company_107 is a technology company focused on software, AI and cloud solutions."
108,Company_108,"Company_108 is a technology company focused on software, AI and cloud solutions."
109,Company_109,"Company_109 is a technology company focused on software, AI and cloud solutions."
110,Company_110,"Company_110 is a technology company focused on software, AI and cloud solutions."
111,Company_111,"Company_111 is a technology company focused on software, AI and cloud solutions."
112,Company_112,"Company_112 is a technology company focused on software, AI and cloud solutions."
113,Company_113,"Company_113 is a technology company focused on software, AI and cloud solutions."
114,Company_114,"Company_114 is a technology company focused on software, AI and cloud solutions."
115,Company_115,"Company_115 is a technology company focused on software, AI and cloud solutions."
116,Company_116,"Company_116 is a technology company focused on software, AI and cloud solutions."
117,Company_117,"Company_117 is a technology company focused on software, AI and cloud solutions."
118,Company_118,"Company_118 is a technology company focused on software, AI and cloud solutions."
119,Company_119,"Company_119 is a technology company focused on software, AI and cloud solutions."
120,Company_120,"Company_120 is a technology company focused on software, AI and cloud solutions."
121,Company_121,"Company_121 is a technology company focused on software, AI and cloud solutions."
122,Company_122,"Company_122 is a technology company focused on software, AI and cloud solutions."
123,Company_123,"Company_123 is a technology company focused on software, AI and cloud solutions."
124,Company_124,"Company_124 is a technology company focused on software, AI and cloud solutions."
125,Company_125,"Company_125 is a technology company focused on software, AI and cloud solutions."
126,Company_126,"Company_126 is a technology company focused on software, AI and cloud solutions."
127,Company_127,"Company_127 is a technology company focused on software, AI and cloud solutions."
128,Company_128,"Company_128 is a technology company focused on software, AI and cloud solutions."
129,Company_129,"Company_129 is a technology company focused on software, AI and cloud solutions."
130,Company_130,"Company_130 is a technology company focused on software, AI and cloud solutions."
131,Company_131,"Company_131 is a technology company focused on software, AI and cloud solutions."
132,Company_132,"Company_132 is a technology company focused on software, AI and cloud solutions."
133,Company_133,"Company_133 is a technology company focused on software, AI and cloud solutions."
134,Company_134,"Company_134 is a technology company focused on software, AI and cloud solutions."
135,Company_135,"Company_135 is a technology company focused on software, AI and cloud solutions."
136,Company_136,"Company_136 is a technology company focused on software, AI and cloud solutions."
137,Company_137,"Company_137 is a technology company focused on software, AI and cloud solutions."
138,Company_138,"Company_138 is a technology company focused on software, AI and cloud solutions."
139,Company_139,"Company_139 is a technology company focused on software, AI and cloud solutions."
140,Company_140,"Company_140 is a technology company focused on software, AI and cloud solutions."
141,Company_141,"Company_141 is a technology company focused on software, AI and cloud solutions."
142,Company_142,"Company_142 is a technology company focused on software, AI and cloud solutions."
143,Company_143,"Company_143 is a technology company focused on software, AI and cloud solutions."
144,Company_144,"Company_144 is a technology company focused on software, AI and cloud solutions."
145,Company_145,"Company_145 is a technology company focused on software, AI and cloud solutions."
146,Company_146,"Company_146 is a technology company focused on software, AI and cloud solutions."
147,Company_147,"Company_147 is a technology company focused on software, AI and cloud solutions."
148,Company_148,"Company_148 is a technology company focused on software, AI and cloud solutions."
149,Company_149,"Company_149 is a technology company focused on software, AI and cloud solutions."
150,Company_150,"Company_150 is a technology company focused on software, AI and cloud solutions."
151,Company_151,"Company_151 is a technology company focused on software, AI and cloud solutions."
152,Company_152,"Company_152 is a technology company focused on software, AI and cloud solutions."
153,Company_153,"Company_153 is a technology company focused on software, AI and cloud solutions."
154,Company_154,"Company_154 is a technology company focused on software, AI and cloud solutions."
155,Company_155,"Company_155 is a technology company focused on software, AI and cloud solutions."
156,Company_156,"Company_156 is a technology company focused on software, AI and cloud solutions."
157,Company_157,"Company_157 is a technology company focused on software, AI and cloud solutions."
158,Company_158,"Company_158 is a technology company focused on software, AI and cloud solutions."
159,Company_159,"Company_159 is a technology company focused on software, AI and cloud solutions."
160,Company_160,"Company_160 is a technology company focused on software, AI and cloud solutions."
161,Company_161,"Company_161 is a technology company focused on software, AI and cloud solutions."
162,Company_162,"Company_162 is a technology company focused on software, AI and cloud solutions."
163,Company_163,"Company_163 is a technology company focused on software, AI and cloud solutions."
164,Company_164,"Company_164 is a technology company focused on software, AI and cloud solutions."
165,Company_165,"Company_165 is a technology company focused on software, AI and cloud solutions."
166,Company_166,"Company_166 is a technology company focused on software, AI and cloud solutions."
167,Company_167,"Company_167 is a technology company focused on software, AI and cloud solutions."
168,Company_168,"Company_168 is a technology company focused on software, AI and cloud solutions."
169,Company_169,"Company_169 is a technology company focused on software, AI and cloud solutions."
170,Company_170,"Company_170 is a technology company focused on software, AI and cloud solutions."
171,Company_171,"Company_171 is a technology company focused on software, AI and cloud solutions."
172,Company_172,"Company_172 is a technology company focused on software, AI and cloud solutions."
173,Company_173,"Company_173 is a technology company focused on software, AI and cloud solutions."
174,Company_174,"Company_174 is a technology company focused on software, AI and cloud solutions."
175,Company_175,"Company_175 is a technology company focused on software, AI and cloud solutions."
176,Company_176,"Company_176 is a technology company focused on software, AI and cloud solutions."
177,Company_177,"Company_177 is a technology company focused on software, AI and cloud solutions."
178,Company_178,"Company_178 is a technology company focused on software, AI and cloud solutions."
179,Company_179,"Company_179 is a technology company focused on software, AI and cloud solutions."
180,Company_180,"Company_180 is a technology company focused on software, AI and cloud solutions."
181,Company_181,"Company_181 is a technology company focused on software, AI and cloud solutions."
182,Company_182,"Company_182 is a technology company focused on software, AI and cloud solutions."
183,Company_183,"Company_183 is a technology company focused on software, AI and cloud solutions."
184,Company_184,"Company_184 is a technology company focused on software, AI and cloud solutions."
185,Company_185,"Company_185 is a technology company focused on software, AI and cloud solutions."
186,Company_186,"Company_186 is a technology company focused on software, AI and cloud solutions."
187,Company_187,"Company_187 is a technology company focused on software, AI and cloud solutions."
188,Company_188,"Company_188 is a technology company focused on software, AI and cloud solutions."
189,Company_189,"Company_189 is a technology company focused on software, AI and cloud solutions."
190,Company_190,"Company_190 is a technology company focused on software, AI and cloud solutions."
191,Company_191,"Company_191 is a technology company focused on software, AI and cloud solutions."
192,Company_192,"Company_192 is a technology company focused on software, AI and cloud solutions."
193,Company_193,"Company_193 is a technology company focused on software, AI and cloud solutions."
194,Company_194,"Company_194 is a technology company focused on software, AI and cloud solutions."
195,Company_195,"Company_195 is a technology company focused on software, AI and cloud solutions."
196,Company_196,"Company_196 is a technology company focused on software, AI and cloud solutions."
197,Company_197,"Company_197 is a technology company focused on software, AI and cloud solutions."
198,Company_198,"Company_198 is a technology company focused on software, AI and cloud solutions."
199,Company_199,"Company_199 is a technology company focused on software, AI and cloud solutions."
200,Company_200,"Company_200 is a technology company focused on software, AI and cloud solutions."
201,Company_201,"Company_201 is a technology company focused on software, AI and cloud solutions."
202,Company_202,"Company_202 is a technology company focused on software, AI and cloud solutions."
203,Company_203,"Company_203 is a technology company focused on software, AI and cloud solutions."
204,Company_204,"Company_204 is a technology company focused on software, AI and cloud solutions."
205,Company_205,"Company_205 is a technology company focused on software, AI and cloud solutions."
206,Company_206,"Company_206 is a technology company focused on software, AI and cloud solutions."
207,Company_207,"Company_207 is a technology company focused on software, AI and cloud solutions."
208,Company_208,"Company_208 is a technology company focused on software, AI and cloud solutions."
209,Company_209,"Company_209 is a technology company focused on software, AI and cloud solutions."
210,Company_210,"Company_210 is a technology company focused on software, AI and cloud solutions."
211,Company_211,"Company_211 is a technology company focused on software, AI and cloud solutions."
212,Company_212,"Company_212 is a technology company focused on software, AI and cloud solutions."
213,Company_213,"Company_213 is a technology company focused on software, AI and cloud solutions."
214,Company_214,"Company_214 is a technology company focused on software, AI and cloud solutions."
215,Company_215,"Company_215 is a technology company focused on software, AI and cloud solutions."
216,Company_216,"Company_216 is a technology company focused on software, AI and cloud solutions."
217,Company_217,"Company_217 is a technology company focused on software, AI and cloud solutions."
218,Company_218,"Company_218 is a technology company focused on software, AI and cloud solutions."
219,Company_219,"Company_219 is a technology company focused on software, AI and cloud solutions."
220,Company_220,"Company_220 is a technology company focused on software, AI and cloud solutions."
221,Company_221,"Company_221 is a technology company focused on software, AI and cloud solutions."
222,Company_222,"Company_222 is a technology company focused on software, AI and cloud solutions."
223,Company_223,"Company_223 is a technology company focused on software, AI and cloud solutions."
224,Company_224,"Company_224 is a technology company focused on software, AI and cloud solutions."
225,Company_225,"Company_225 is a technology company focused on software, AI and cloud solutions."
226,Company_226,"Company_226 is a technology company focused on software, AI and cloud solutions."
227,Company_227,"Company_227 is a technology company focused on software, AI and cloud solutions."
228,Company_228,"Company_228 is a technology company focused on software, AI and cloud solutions."
229,Company_229,"Company_229 is a technology company focused on software, AI and cloud solutions."
230,Company_230,"Company_230 is a technology company focused on software, AI and cloud solutions."
231,Company_231,"Company_231 is a technology company focused on software, AI and cloud solutions."
232,Company_232,"Company_232 is a technology company focused on software, AI and cloud solutions."
233,Company_233,"Company_233 is a technology company focused on software, AI and cloud solutions."
234,Company_234,"Company_234 is a technology company focused on software, AI and cloud solutions."
235,Company_235,"Company_235 is a technology company focused on software, AI and cloud solutions."
236,Company_236,"Company_236 is a technology company focused on software, AI and cloud solutions."
237,Company_237,"Company_237 is a technology company focused on software, AI and cloud solutions."
238,Company_238,"Company_238 is a technology company focused on software, AI and cloud solutions."
239,Company_239,"Company_239 is a technology company focused on software, AI and cloud solutions."
240,Company_240,"Company_240 is a technology company focused on software, AI and cloud solutions."
241,Company_241,"Company_241 is a technology company focused on software, AI and cloud solutions."
242,Company_242,"Company_242 is a technology company focused on software, AI and cloud solutions."
243,Company_243,"Company_243 is a technology company focused on software, AI and cloud solutions."
244,Company_244,"Company_244 is a technology company focused on software, AI and cloud solutions."
245,Company_245,"Company_245 is a technology company focused on software, AI and cloud solutions."
246,Company_246,"Company_246 is a technology company focused on software, AI and cloud solutions."
247,Company_247,"Company_247 is a technology company focused on software, AI and cloud solutions."
248,Company_248,"Company_248 is a technology company focused on software, AI and cloud solutions."
249,Company_249,"Company_249 is a technology company focused on software, AI and cloud solutions."
250,Company_250,"Company_250 is a technology company focused on software, AI and cloud solutions."
251,Company_251,"Company_251 is a technology company focused on software, AI and cloud solutions."
252,Company_252,"Company_252 is a technology company focused on software, AI and cloud solutions."
253,Company_253,"Company_253 is a technology company focused on software, AI and cloud solutions."
254,Company_254,"Company_254 is a technology company focused on software, AI and cloud solutions."
255,Company_255,"Company_255 is a technology company focused on software, AI and cloud solutions."
256,Company_256,"Company_256 is a technology company focused on software, AI and cloud solutions."
257,Company_257,"Company_257 is a technology company focused on software, AI and cloud solutions."
258,Company_258,"Company_258 is a technology company focused on software, AI and cloud solutions."
259,Company_259,"Company_259 is a technology company focused on software, AI and cloud solutions."
260,Company_260,"Company_260 is a technology company focused on software, AI and cloud solutions."
261,Company_261,"Company_261 is a technology company focused on software, AI and cloud solutions."
262,Company_262,"Company_262 is a technology company focused on software, AI and cloud solutions."
263,Company_263,"Company_263 is a technology company focused on software, AI and cloud solutions."
264,Company_264,"Company_264 is a technology company focused on software, AI and cloud solutions."
265,Company_265,"Company_265 is a technology company focused on software, AI and cloud solutions."
266,Company_266,"Company_266 is a technology company focused on software, AI and cloud solutions."
267,Company_267,"Company_267 is a technology company focused on software, AI and cloud solutions."
268,Company_268,"Company_268 is a technology company focused on software, AI and cloud solutions."
269,Company_269,"Company_269 is a technology company focused on software, AI and cloud solutions."
270,Company_270,"Company_270 is a technology company focused on software, AI and cloud solutions."
271,Company_271,"Company_271 is a technology company focused on software, AI and cloud solutions."
272,Company_272,"Company_272 is a technology company focused on software, AI and cloud solutions."
273,Company_273,"Company_273 is a technology company focused on software, AI and cloud solutions."
274,Company_274,"Company_274 is a technology company focused on software, AI and cloud solutions."
275,Company_275,"Company_275 is a technology company focused on software, AI and cloud solutions."
276,Company_276,"Company_276 is a technology company focused on software, AI and cloud solutions."
277,Company_277,"Company_277 is a technology company focused on software, AI and cloud solutions."
278,Company_278,"Company_278 is a technology company focused on software, AI and cloud solutions."
279,Company_279,"Company_279 is a technology company focused on software, AI and cloud solutions."
280,Company_280,"Company_280 is a technology company focused on software, AI and cloud solutions."
281,Company_281,"Company_281 is a technology company focused on software, AI and cloud solutions."
282,Company_282,"Company_282 is a technology company focused on software, AI and cloud solutions."
283,Company_283,"Company_283 is a technology company focused on software, AI and cloud solutions."
284,Company_284,"Company_284 is a technology company focused on software, AI and cloud solutions."
285,Company_285,"Company_285 is a technology company focused on software, AI and cloud solutions."
286,Company_286,"Company_286 is a technology company focused on software, AI and cloud solutions."
287,Company_287,"Company_287 is a technology company focused on software, AI and cloud solutions."
288,Company_288,"Company_288 is a technology company focused on software, AI and cloud solutions."
289,Company_289,"Company_289 is a technology company focused on software, AI and cloud solutions."
290,Company_290,"Company_290 is a technology company focused on software, AI and cloud solutions."
291,Company_291,"Company_291 is a technology company focused on software, AI and cloud solutions."
292,Company_292,"Company_292 is a technology company focused on software, AI and cloud solutions."
293,Company_293,"Company_293 is a technology company focused on software, AI and cloud solutions."
294,Company_294,"Company_294 is a technology company focused on software, AI and cloud solutions."
295,Company_295,"Company_295 is a technology company focused on software, AI and cloud solutions."
296,Company_296,"Company_296 is a technology company focused on software, AI and cloud solutions."
297,Company_297,"Company_297 is a technology company focused on software, AI and cloud solutions."
298,Company_298,"Company_298 is a technology company focused on software, AI and cloud solutions."
299,Company_299,"Company_299 is a technology company focused on software, AI and cloud solutions."
300,Company_300,"Company_300 is a technology company focused on software, AI and cloud solutions."
301,Company_301,"Company_301 is a technology company focused on software, AI and cloud solutions."
302,Company_302,"Company_302 is a technology company focused on software, AI and cloud solutions."
303,Company_303,"Company_303 is a technology company focused on software, AI and cloud solutions."
304,Company_304,"Company_304 is a technology company focused on software, AI and cloud solutions."
305,Company_305,"Company_305 is a technology company focused on software, AI and cloud solutions."
306,Company_306,"Company_306 is a technology company focused on software, AI and cloud solutions."
307,Company_307,"Company_307 is a technology company focused on software, AI and cloud solutions."
308,Company_308,"Company_308 is a technology company focused on software, AI and cloud solutions."
309,Company_309,"Company_309 is a technology company focused on software, AI and cloud solutions."
310,Company_310,"Company_310 is a technology company focused on software, AI and cloud solutions."
311,Company_311,"Company_311 is a technology company focused on software, AI and cloud solutions."
312,Company_312,"Company_312 is a technology company focused on software, AI and cloud solutions."
313,Company_313,"Company_313 is a technology company focused on software, AI and cloud solutions."
314,Company_314,"Company_314 is a technology company focused on software, AI and cloud solutions."
315,Company_315,"Company_315 is a technology company focused on software, AI and cloud solutions."
316,Company_316,"Company_316 is a technology company focused on software, AI and cloud solutions."
317,Company_317,"Company_317 is a technology company focused on software, AI and cloud solutions."
318,Company_318,"Company_318 is a technology company focused on software, AI and cloud solutions."
319,Company_319,"Company_319 is a technology company focused on software, AI and cloud solutions."
320,Company_320,"Company_320 is a technology company focused on software, AI and cloud solutions."
321,Company_321,"Company_321 is a technology company focused on software, AI and cloud solutions."
322,Company_322,"Company_322 is a technology company focused on software, AI and cloud solutions."
323,Company_323,"Company_323 is a technology company focused on software, AI and cloud solutions."
324,Company_324,"Company_324 is a technology company focused on software, AI and cloud solutions."
325,Company_325,"Company_325 is a technology company focused on software, AI and cloud solutions."
326,Company_326,"Company_326 is a technology company focused on software, AI and cloud solutions."
327,Company_327,"Company_327 is a technology company focused on software, AI and cloud solutions."
328,Company_328,"Company_328 is a technology company focused on software, AI and cloud solutions."
329,Company_329,"Company_329 is a technology company focused on software, AI and cloud solutions."
330,Company_330,"Company_330 is a technology company focused on software, AI and cloud solutions."
331,Company_331,"Company_331 is a technology company focused on software, AI and cloud solutions."
332,Company_332,"Company_332 is a technology company focused on software, AI and cloud solutions."
333,Company_333,"Company_333 is a technology company focused on software, AI and cloud solutions."
334,Company_334,"Company_334 is a technology company focused on software, AI and cloud solutions."
335,Company_335,"Company_335 is a technology company focused on software, AI and cloud solutions."
336,Company_336,"Company_336 is a technology company focused on software, AI and cloud solutions."
337,Company_337,"Company_337 is a technology company focused on software, AI and cloud solutions."
338,Company_338,"Company_338 is a technology company focused on software, AI and cloud solutions."
339,Company_339,"Company_339 is a technology company focused on software, AI and cloud solutions."
340,Company_340,"Company_340 is a technology company focused on software, AI and cloud solutions."
341,Company_341,"Company_341 is a technology company focused on software, AI and cloud solutions."
342,Company_342,"Company_342 is a technology company focused on software, AI and cloud solutions."
343,Company_343,"Company_343 is a technology company focused on software, AI and cloud solutions."
344,Company_344,"Company_344 is a technology company focused on software, AI and cloud solutions."
345,Company_345,"Company_345 is a technology company focused on software, AI and cloud solutions."
346,Company_346,"Company_346 is a technology company focused on software, AI and cloud solutions."
347,Company_347,"Company_347 is a technology company focused on software, AI and cloud solutions."
348,Company_348,"Company_348 is a technology company focused on software, AI and cloud solutions."
349,Company_349,"Company_349 is a technology company focused on software, AI and cloud solutions."
350,Company_350,"Company_350 is a technology company focused on software, AI and cloud solutions."
351,Company_351,"Company_351 is a technology company focused on software, AI and cloud solutions."
352,Company_352,"Company_352 is a technology company focused on software, AI and cloud solutions."
353,Company_353,"Company_353 is a technology company focused on software, AI and cloud solutions."
354,Company_354,"Company_354 is a technology company focused on software, AI and cloud solutions."
355,Company_355,"Company_355 is a technology company focused on software, AI and cloud solutions."
356,Company_356,"Company_356 is a technology company focused on software, AI and cloud solutions."
357,Company_357,"Company_357 is a technology company focused on software, AI and cloud solutions."
358,Company_358,"Company_358 is a technology company focused on software, AI and cloud solutions."
359,Company_359,"Company_359 is a technology company focused on software, AI and cloud solutions."
360,Company_360,"Company_360 is a technology company focused on software, AI and cloud solutions."
361,Company_361,"Company_361 is a technology company focused on software, AI and cloud solutions."
362,Company_362,"Company_362 is a technology company focused on software, AI and cloud solutions."
363,Company_363,"Company_363 is a technology company focused on software, AI and cloud solutions."
364,Company_364,"Company_364 is a technology company focused on software, AI and cloud solutions."
365,Company_365,"Company_365 is a technology company focused on software, AI and cloud solutions."
366,Company_366,"Company_366 is a technology company focused on software, AI and cloud solutions."
367,Company_367,"Company_367 is a technology company focused on software, AI and cloud solutions."
368,Company_368,"Company_368 is a technology company focused on software, AI and cloud solutions."
369,Company_369,"Company_369 is a technology company focused on software, AI and cloud solutions."
370,Company_370,"Company_370 is a technology company focused on software, AI and cloud solutions."
371,Company_371,"Company_371 is a technology company focused on software, AI and cloud solutions."
372,Company_372,"Company_372 is a technology company focused on software, AI and cloud solutions."
373,Company_373,"Company_373 is a technology company focused on software, AI and cloud solutions."
374,Company_374,"Company_374 is a technology company focused on software, AI and cloud solutions."
375,Company_375,"Company_375 is a technology company focused on software, AI and cloud solutions."
376,Company_376,"Company_376 is a technology company focused on software, AI and cloud solutions."
377,Company_377,"Company_377 is a technology company focused on software, AI and cloud solutions."
378,Company_378,"Company_378 is a technology company focused on software, AI and cloud solutions."
379,Company_379,"Company_379 is a technology company focused on software, AI and cloud solutions."
380,Company_380,"Company_380 is a technology company focused on software, AI and cloud solutions."
381,Company_381,"Company_381 is a technology company focused on software, AI and cloud solutions."
382,Company_382,"Company_382 is a technology company focused on software, AI and cloud solutions."
383,Company_383,"Company_383 is a technology company focused on software, AI and cloud solutions."
384,Company_384,"Company_384 is a technology company focused on software, AI and cloud solutions."
385,Company_385,"Company_385 is a technology company focused on software, AI and cloud solutions."
386,Company_386,"Company_386 is a technology company focused on software, AI and cloud solutions."
387,Company_387,"Company_387 is a technology company focused on software, AI and cloud solutions."
388,Company_388,"Company_388 is a technology company focused on software, AI and cloud solutions."
389,Company_389,"Company_389 is a technology company focused on software, AI and cloud solutions."
390,Company_390,"Company_390 is a technology company focused on software, AI and cloud solutions."
391,Company_391,"Company_391 is a technology company focused on software, AI and cloud solutions."
392,Company_392,"Company_392 is a technology company focused on software, AI and cloud solutions."
393,Company_393,"Company_393 is a technology company focused on software, AI and cloud solutions."
394,Company_394,"Company_394 is a technology company focused on software, AI and cloud solutions."
395,Company_395,"Company_395 is a technology company focused on software, AI and cloud solutions."
396,Company_396,"Company_396 is a technology company focused on software, AI and cloud solutions."
397,Company_397,"Company_397 is a technology company focused on software, AI and cloud solutions."
398,Company_398,"Company_398 is a technology company focused on software, AI and cloud solutions."
399,Company_399,"Company_399 is a technology company focused on software, AI and cloud solutions."
400,Company_400,"Company_400 is a technology company focused on software, AI and cloud solutions."
401,Company_401,"Company_401 is a technology company focused on software, AI and cloud solutions."
402,Company_402,"Company_402 is a technology company focused on software, AI and cloud solutions."
403,Company_403,"Company_403 is a technology company focused on software, AI and cloud solutions."
404,Company_404,"Company_404 is a technology company focused on software, AI and cloud solutions."
405,Company_405,"Company_405 is a technology company focused on software, AI and cloud solutions."
406,Company_406,"Company_406 is a technology company focused on software, AI and cloud solutions."
407,Company_407,"Company_407 is a technology company focused on software, AI and cloud solutions."
408,Company_408,"Company_408 is a technology company focused on software, AI and cloud solutions."
409,Company_409,"Company_409 is a technology company focused on software, AI and cloud solutions."
410,Company_410,"Company_410 is a technology company focused on software, AI and cloud solutions."
411,Company_411,"Company_411 is a technology company focused on software, AI and cloud solutions."
412,Company_412,"Company_412 is a technology company focused on software, AI and cloud solutions."
413,Company_413,"Company_413 is a technology company focused on software, AI and cloud solutions."
414,Company_414,"Company_414 is a technology company focused on software, AI and cloud solutions."
415,Company_415,"Company_415 is a technology company focused on software, AI and cloud solutions."
416,Company_416,"Company_416 is a technology company focused on software, AI and cloud solutions."
417,Company_417,"Company_417 is a technology company focused on software, AI and cloud solutions."
418,Company_418,"Company_418 is a technology company focused on software, AI and cloud solutions."
419,Company_419,"Company_419 is a technology company focused on software, AI and cloud solutions."
420,Company_420,"Company_420 is a technology company focused on software, AI and cloud solutions."
421,Company_421,"Company_421 is a technology company focused on software, AI and cloud solutions."
422,Company_422,"Company_422 is a technology company focused on software, AI and cloud solutions."
423,Company_423,"Company_423 is a technology company focused on software, AI and cloud solutions."
424,Company_424,"Company_424 is a technology company focused on software, AI and cloud solutions."
425,Company_425,"Company_425 is a technology company focused on software, AI and cloud solutions."
426,Company_426,"Company_426 is a technology company focused on software, AI and cloud solutions."
427,Company_427,"Company_427 is a technology company focused on software, AI and cloud solutions."
428,Company_428,"Company_428 is a technology company focused on software, AI and cloud solutions."
429,Company_429,"Company_429 is a technology company focused on software, AI and cloud solutions."
430,Company_430,"Company_430 is a technology company focused on software, AI and cloud solutions."
431,Company_431,"Company_431 is a technology company focused on software, AI and cloud solutions."
432,Company_432,"Company_432 is a technology company focused on software, AI and cloud solutions."
433,Company_433,"Company_433 is a technology company focused on software, AI and cloud solutions."
434,Company_434,"Company_434 is a technology company focused on software, AI and cloud solutions."
435,Company_435,"Company_435 is a technology company focused on software, AI and cloud solutions."
436,Company_436,"Company_436 is a technology company focused on software, AI and cloud solutions."
437,Company_437,"Company_437 is a technology company focused on software, AI and cloud solutions."
438,Company_438,"Company_438 is a technology company focused on software, AI and cloud solutions."
439,Company_439,"Company_439 is a technology company focused on software, AI and cloud solutions."
440,Company_440,"Company_440 is a technology company focused on software, AI and cloud solutions."
441,Company_441,"Company_441 is a technology company focused on software, AI and cloud solutions."
442,Company_442,"Company_442 is a technology company focused on software, AI and cloud solutions."
443,Company_443,"Company_443 is a technology company focused on software, AI and cloud solutions."
444,Company_444,"Company_444 is a technology company focused on software, AI and cloud solutions."
445,Company_445,"Company_445 is a technology company focused on software, AI and cloud solutions."
446,Company_446,"Company_446 is a technology company focused on software, AI and cloud solutions."
447,Company_447,"Company_447 is a technology company focused on software, AI and cloud solutions."
448,Company_448,"Company_448 is a technology company focused on software, AI and cloud solutions."
449,Company_449,"Company_449 is a technology company focused on software, AI and cloud solutions."
450,Company_450,"Company_450 is a technology company focused on software, AI and cloud solutions."
451,Company_451,"Company_451 is a technology company focused on software, AI and cloud solutions."
452,Company_452,"Company_452 is a technology company focused on software, AI and cloud solutions."
453,Company_453,"Company_453 is a technology company focused on software, AI and cloud solutions."
454,Company_454,"Company_454 is a technology company focused on software, AI and cloud solutions."
455,Company_455,"Company_455 is a technology company focused on software, AI and cloud solutions."
456,Company_456,"Company_456 is a technology company focused on software, AI and cloud solutions."
457,Company_457,"Company_457 is a technology company focused on software, AI and cloud solutions."
458,Company_458,"Company_458 is a technology company focused on software, AI and cloud solutions."
459,Company_459,"Company_459 is a technology company focused on software, AI and cloud solutions."
460,Company_460,"Company_460 is a technology company focused on software, AI and cloud solutions."
461,Company_461,"Company_461 is a technology company focused on software, AI and cloud solutions."
462,Company_462,"Company_462 is a technology company focused on software, AI and cloud solutions."
463,Company_463,"Company_463 is a technology company focused on software, AI and cloud solutions."
464,Company_464,"Company_464 is a technology company focused on software, AI and cloud solutions."
465,Company_465,"Company_465 is a technology company focused on software, AI and cloud solutions."
466,Company_466,"Company_466 is a technology company focused on software, AI and cloud solutions."
467,Company_467,"Company_467 is a technology company focused on software, AI and cloud solutions."
468,Company_468,"Company_468 is a technology company focused on software, AI and cloud solutions."
469,Company_469,"Company_469 is a technology company focused on software, AI and cloud solutions."
470,Company_470,"Company_470 is a technology company focused on software, AI and cloud solutions."
471,Company_471,"Company_471 is a technology company focused on software, AI and cloud solutions."
472,Company_472,"Company_472 is a technology company focused on software, AI and cloud solutions."
473,Company_473,"Company_473 is a technology company focused on software, AI and cloud solutions."
474,Company_474,"Company_474 is a technology company focused on software, AI and cloud solutions."
475,Company_475,"Company_475 is a technology company focused on software, AI and cloud solutions."
476,Company_476,"Company_476 is a technology company focused on software, AI and cloud solutions."
477,Company_477,"Company_477 is a technology company focused on software, AI and cloud solutions."
478,Company_478,"Company_478 is a technology company focused on software, AI and cloud solutions."
479,Company_479,"Company_479 is a technology company focused on software, AI and cloud solutions."
480,Company_480,"Company_480 is a technology company focused on software, AI and cloud solutions."
481,Company_481,"Company_481 is a technology company focused on software, AI and cloud solutions."
482,Company_482,"Company_482 is a technology company focused on software, AI and cloud solutions."
483,Company_483,"Company_483 is a technology company focused on software, AI and cloud solutions."
484,Company_484,"Company_484 is a technology company focused on software, AI and cloud solutions."
485,Company_485,"Company_485 is a technology company focused on software, AI and cloud solutions."
486,Company_486,"Company_486 is a technology company focused on software, AI and cloud solutions."
487,Company_487,"Company_487 is a technology company focused on software, AI and cloud solutions."
488,Company_488,"Company_488 is a technology company focused on software, AI and cloud solutions."
489,Company_489,"Company_489 is a technology company focused on software, AI and cloud solutions."
490,Company_490,"Company_490 is a technology company focused on software, AI and cloud solutions."
491,Company_491,"Company_491 is a technology company focused on software, AI and cloud solutions."
492,Company_492,"Company_492 is a technology company focused on software, AI and cloud solutions."
493,Company_493,"Company_493 is a technology company focused on software, AI and cloud solutions."
494,Company_494,"Company_494 is a technology company focused on software, AI and cloud solutions."
495,Company_495,"Company_495 is a technology company focused on software, AI and cloud solutions."
496,Company_496,"Company_496 is a technology company focused on software, AI and cloud solutions."
497,Company_497,"Company_497 is a technology company focused on software, AI and cloud solutions."
498,Company_498,"Company_498 is a technology company focused on software, AI and cloud solutions."
499,Company_499,"Company_499 is a technology company focused on software, AI and cloud solutions."
500,Company_500,"Company_500 is a technology company focused on software, AI and cloud solutions."
501,Company_501,"Company_501 is a technology company focused on software, AI and cloud solutions."
502,Company_502,"Company_502 is a technology company focused on software, AI and cloud solutions."
503,Company_503,"Company_503 is a technology company focused on software, AI and cloud solutions."
504,Company_504,"Company_504 is a technology company focused on software, AI and cloud solutions."
505,Company_505,"Company_505 is a technology company focused on software, AI and cloud solutions."
506,Company_506,"Company_506 is a technology company focused on software, AI and cloud solutions."
507,Company_507,"Company_507 is a technology company focused on software, AI and cloud solutions."
508,Company_508,"Company_508 is a technology company focused on software, AI and cloud solutions."
509,Company_509,"Company_509 is a technology company focused on software, AI and cloud solutions."
510,Company_510,"Company_510 is a technology company focused on software, AI and cloud solutions."
511,Company_511,"Company_511 is a technology company focused on software, AI and cloud solutions."
512,Company_512,"Company_512 is a technology company focused on software, AI and cloud solutions."
513,Company_513,"Company_513 is a technology company focused on software, AI and cloud solutions."
514,Company_514,"Company_514 is a technology company focused on software, AI and cloud solutions."
515,Company_515,"Company_515 is a technology company focused on software, AI and cloud solutions."
516,Company_516,"Company_516 is a technology company focused on software, AI and cloud solutions."
517,Company_517,"Company_517 is a technology company focused on software, AI and cloud solutions."
518,Company_518,"Company_518 is a technology company focused on software, AI and cloud solutions."
519,Company_519,"Company_519 is a technology company focused on software, AI and cloud solutions."
520,Company_520,"Company_520 is a technology company focused on software, AI and cloud solutions."
521,Company_521,"Company_521 is a technology company focused on software, AI and cloud solutions."
522,Company_522,"Company_522 is a technology company focused on software, AI and cloud solutions."
523,Company_523,"Company_523 is a technology company focused on software, AI and cloud solutions."
524,Company_524,"Company_524 is a technology company focused on software, AI and cloud solutions."
525,Company_525,"Company_525 is a technology company focused on software, AI and cloud solutions."
526,Company_526,"Company_526 is a technology company focused on software, AI and cloud solutions."
527,Company_527,"Company_527 is a technology company focused on software, AI and cloud solutions."
528,Company_528,"Company_528 is a technology company focused on software, AI and cloud solutions."
529,Company_529,"Company_529 is a technology company focused on software, AI and cloud solutions."
530,Company_530,"Company_530 is a technology company focused on software, AI and cloud solutions."
531,Company_531,"Company_531 is a technology company focused on software, AI and cloud solutions."
532,Company_532,"Company_532 is a technology company focused on software, AI and cloud solutions."
533,Company_533,"Company_533 is a technology company focused on software, AI and cloud solutions."
534,Company_534,"Company_534 is a technology company focused on software, AI and cloud solutions."
535,Company_535,"Company_535 is a technology company focused on software, AI and cloud solutions."
536,Company_536,"Company_536 is a technology company focused on software, AI and cloud solutions."
537,Company_537,"Company_537 is a technology company focused on software, AI and cloud solutions."
538,Company_538,"Company_538 is a technology company focused on software, AI and cloud solutions."
539,Company_539,"Company_539 is a technology company focused on software, AI and cloud solutions."
540,Company_540,"Company_540 is a technology company focused on software, AI and cloud solutions."
541,Company_541,"Company_541 is a technology company focused on software, AI and cloud solutions."
542,Company_542,"Company_542 is a technology company focused on software, AI and cloud solutions."
543,Company_543,"Company_543 is a technology company focused on software, AI and cloud solutions."
544,Company_544,"Company_544 is a technology company focused on software, AI and cloud solutions."
545,Company_545,"Company_545 is a technology company focused on software, AI and cloud solutions."
546,Company_546,"Company_546 is a technology company focused on software, AI and cloud solutions."
547,Company_547,"Company_547 is a technology company focused on software, AI and cloud solutions."
548,Company_548,"Company_548 is a technology company focused on software, AI and cloud solutions."
549,Company_549,"Company_549 is a technology company focused on software, AI and cloud solutions."
550,Company_550,"Company_550 is a technology company focused on software, AI and cloud solutions."
551,Company_551,"Company_551 is a technology company focused on software, AI and cloud solutions."
552,Company_552,"Company_552 is a technology company focused on software, AI and cloud solutions."
553,Company_553,"Company_553 is a technology company focused on software, AI and cloud solutions."
554,Company_554,"Company_554 is a technology company focused on software, AI and cloud solutions."
555,Company_555,"Company_555 is a technology company focused on software, AI and cloud solutions."
556,Company_556,"Company_556 is a technology company focused on software, AI and cloud solutions."
557,Company_557,"Company_557 is a technology company focused on software, AI and cloud solutions."
558,Company_558,"Company_558 is a technology company focused on software, AI and cloud solutions."
559,Company_559,"Company_559 is a technology company focused on software, AI and cloud solutions."
560,Company_560,"Company_560 is a technology company focused on software, AI and cloud solutions."
561,Company_561,"Company_561 is a technology company focused on software, AI and cloud solutions."
562,Company_562,"Company_562 is a technology company focused on software, AI and cloud solutions."
563,Company_563,"Company_563 is a technology company focused on software, AI and cloud solutions."
564,Company_564,"Company_564 is a technology company focused on software, AI and cloud solutions."
565,Company_565,"Company_565 is a technology company focused on software, AI and cloud solutions."
566,Company_566,"Company_566 is a technology company focused on software, AI and cloud solutions."
567,Company_567,"Company_567 is a technology company focused on software, AI and cloud solutions."
568,Company_568,"Company_568 is a technology company focused on software, AI and cloud solutions."
569,Company_569,"Company_569 is a technology company focused on software, AI and cloud solutions."
570,Company_570,"Company_570 is a technology company focused on software, AI and cloud solutions."
571,Company_571,"Company_571 is a technology company focused on software, AI and cloud solutions."
572,Company_572,"Company_572 is a technology company focused on software, AI and cloud solutions."
573,Company_573,"Company_573 is a technology company focused on software, AI and cloud solutions."
574,Company_574,"Company_574 is a technology company focused on software, AI and cloud solutions."
575,Company_575,"Company_575 is a technology company focused on software, AI and cloud solutions."
576,Company_576,"Company_576 is a technology company focused on software, AI and cloud solutions."
577,Company_577,"Company_577 is a technology company focused on software, AI and cloud solutions."
578,Company_578,"Company_578 is a technology company focused on software, AI and cloud solutions."
579,Company_579,"Company_579 is a technology company focused on software, AI and cloud solutions."
580,Company_580,"Company_580 is a technology company focused on software, AI and cloud solutions."
581,Company_581,"Company_581 is a technology company focused on software, AI and cloud solutions."
582,Company_582,"Company_582 is a technology company focused on software, AI and cloud solutions."
583,Company_583,"Company_583 is a technology company focused on software, AI and cloud solutions."
584,Company_584,"Company_584 is a technology company focused on software, AI and cloud solutions."
585,Company_585,"Company_585 is a technology company focused on software, AI and cloud solutions."
586,Company_586,"Company_586 is a technology company focused on software, AI and cloud solutions."
587,Company_587,"Company_587 is a technology company focused on software, AI and cloud solutions."
588,Company_588,"Company_588 is a technology company focused on software, AI and cloud solutions."
589,Company_589,"Company_589 is a technology company focused on software, AI and cloud solutions."
590,Company_590,"Company_590 is a technology company focused on software, AI and cloud solutions."
591,Company_591,"Company_591 is a technology company focused on software, AI and cloud solutions."
592,Company_592,"Company_592 is a technology company focused on software, AI and cloud solutions."
593,Company_593,"Company_593 is a technology company focused on software, AI and cloud solutions."
594,Company_594,"Company_594 is a technology company focused on software, AI and cloud solutions."
595,Company_595,"Company_595 is a technology company focused on software, AI and cloud solutions."
596,Company_596,"Company_596 is a technology company focused on software, AI and cloud solutions."
597,Company_597,"Company_597 is a technology company focused on software, AI and cloud solutions."
598,Company_598,"Company_598 is a technology company focused on software, AI and cloud solutions."
599,Company_599,"Company_599 is a technology company focused on software, AI and cloud solutions."
600,Company_600,"Company_600 is a technology company focused on software, AI and cloud solutions."
